Year,Country,Happiness
2025,Finland,7.764
2025,Iceland,7.54
2025,Denmark,7.539
2025,Costa Rica,7.439
2025,Sweden,7.255
2025,Norway,7.242
2025,Netherlands,7.223
2025,Israel,7.187
2025,Luxembourg,7.063
2025,Switzerland,7.018
2025,New Zealand,6.995
2025,Mexico,6.972
2025,Ireland,6.928
2025,Belgium,6.926
2025,Australia,6.916
2025,Kosovo,6.91
2025,Germany,6.882
2025,Slovenia,6.868
2025,Austria,6.845
2025,Czechia,6.821
2025,United Arab Emirates,6.821
2025,Saudi Arabia,6.817
2025,United States,6.816
2025,Poland,6.768
2025,Canada,6.741
2025,Taiwan Province of China,6.714
2025,Belize,6.711
2025,Lithuania,6.704
2025,United Kingdom,6.694
2025,Serbia,6.691
2025,Uruguay,6.635
2025,Brazil,6.634
2025,Kazakhstan,6.633
2025,Romania,6.629
2025,France,6.586
2025,Singapore,6.585
2025,El Salvador,6.578
2025,Italy,6.574
2025,Panama,6.547
2025,Kuwait,6.543
2025,Spain,6.54
2025,Guatemala,6.533
2025,Malta,6.436
2025,Argentina,6.43
2025,Viet Nam,6.428
2025,Estonia,6.41
2025,Bosnia and Herzegovina,6.381
2025,Latvia,6.365
2025,Jamaica,6.305
2025,Chile,6.302
2025,Nicaragua,6.301
2025,Thailand,6.296
2025,Uzbekistan,6.283
2025,Slovakia,6.255
2025,Bahrain,6.254
2025,Philippines,6.206
2025,Paraguay,6.198
2025,Oman,6.197
2025,Ecuador,6.144
2025,Montenegro,6.139
2025,Japan,6.13
2025,Cyprus,6.126
2025,Honduras,6.096
2025,Dominican Republic,6.093
2025,China,6.074
2025,Kyrgyzstan,6.049
2025,Republic of Korea,6.04
2025,Colombia,6.04
2025,Portugal,6.029
2025,Croatia,6.009
2025,Malaysia,6.005
2025,Peru,5.974
2025,Mauritius,5.939
2025,Hungary,5.937
2025,Mongolia,5.936
2025,Trinidad and Tobago,5.905
2025,Republic of Moldova,5.851
2025,Bolivia,5.835
2025,Russian Federation,5.834
2025,Venezuela,5.756
2025,Libya,5.731
2025,North Macedonia,5.719
2025,Algeria,5.714
2025,Bulgaria,5.703
2025,Greece,5.697
2025,Albania,5.662
2025,Indonesia,5.617
2025,Tajikistan,5.591
2025,Armenia,5.584
2025,Hong Kong SAR of China,5.569
2025,Georgia,5.517
2025,Lao PDR,5.515
2025,Mozambique,5.336
2025,Türkiye,5.3
2025,Iraq,5.212
2025,Gabon,5.167
2025,Iran,5.151
2025,Côte d’Ivoire,5.148
2025,Nepal,5.147
2025,Cameroon,5.083
2025,South Africa,5.009
2025,Azerbaijan,4.993
2025,Niger,4.94
2025,Pakistan,4.868
2025,Tunisia,4.798
2025,Nigeria,4.788
2025,Senegal,4.787
2025,Namibia,4.781
2025,State of Palestine,4.694
2025,Kenya,4.674
2025,Ukraine,4.658
2025,Morocco,4.646
2025,Guinea,4.609
2025,Mali,4.588
2025,Ghana,4.554
2025,India,4.536
2025,Somalia,4.508
2025,Uganda,4.491
2025,Jordan,4.478
2025,Mauritania,4.473
2025,Cambodia,4.462
2025,Congo,4.456
2025,Burkina Faso,4.455
2025,Benin,4.393
2025,Chad,4.385
2025,Lesotho,4.375
2025,Bangladesh,4.319
2025,Gambia,4.306
2025,Myanmar,4.287
2025,Liberia,4.28
2025,Togo,4.277
2025,Madagascar,4.174
2025,Zambia,4.106
2025,Sri Lanka,4.013
2025,Ethiopia,3.985
2025,Comoros,3.925
2025,Eswatini,3.909
2025,Tanzania,3.902
2025,Egypt,3.862
2025,DR Congo,3.761
2025,Lebanon,3.723
2025,Yemen,3.532
2025,Botswana,3.464
2025,Zimbabwe,3.346
2025,Malawi,3.284
2025,Sierra Leone,3.251
2025,Afghanistan,1.446
2024,Finland,7.736
2024,Denmark,7.521
2024,Iceland,7.515
2024,Sweden,7.345
2024,Netherlands,7.306
2024,Costa Rica,7.274
2024,Norway,7.262
2024,Israel,7.234
2024,Luxembourg,7.122
2024,Mexico,6.979
2024,Australia,6.974
2024,New Zealand,6.952
2024,Switzerland,6.935
2024,Belgium,6.91
2024,Ireland,6.889
2024,Lithuania,6.829
2024,Austria,6.81
2024,Canada,6.803
2024,Slovenia,6.792
2024,Czechia,6.775
2024,United Arab Emirates,6.759
2024,Germany,6.753
2024,United Kingdom,6.728
2024,United States,6.724
2024,Belize,6.711
2024,Poland,6.673
2024,Taiwan Province of China,6.669
2024,Uruguay,6.661
2024,Kosovo,6.659
2024,Kuwait,6.629
2024,Serbia,6.606
2024,Saudi Arabia,6.6
2024,France,6.593
2024,Singapore,6.565
2024,Romania,6.563
2024,Brazil,6.494
2024,El Salvador,6.492
2024,Spain,6.466
2024,Estonia,6.417
2024,Italy,6.415
2024,Panama,6.407
2024,Argentina,6.397
2024,Kazakhstan,6.378
2024,Guatemala,6.362
2024,Chile,6.361
2024,Viet Nam,6.352
2024,Nicaragua,6.33
2024,Malta,6.316
2024,Thailand,6.222
2024,Slovakia,6.221
2024,Latvia,6.207
2024,Oman,6.197
2024,Uzbekistan,6.193
2024,Paraguay,6.172
2024,Japan,6.147
2024,Bosnia and Herzegovina,6.136
2024,Philippines,6.107
2024,Republic of Korea,6.038
2024,Bahrain,6.03
2024,Portugal,6.013
2024,Colombia,6.004
2024,Ecuador,5.965
2024,Honduras,5.964
2024,Malaysia,5.955
2024,Peru,5.947
2024,Russian Federation,5.945
2024,Cyprus,5.942
2024,China,5.921
2024,Hungary,5.915
2024,Trinidad and Tobago,5.905
2024,Montenegro,5.877
2024,Croatia,5.87
2024,Jamaica,5.87
2024,Bolivia,5.868
2024,Kyrgyzstan,5.858
2024,Dominican Republic,5.846
2024,Mongolia,5.833
2024,Mauritius,5.832
2024,Libya,5.82
2024,Republic of Moldova,5.819
2024,Greece,5.776
2024,Venezuela,5.683
2024,Indonesia,5.617
2024,Algeria,5.571
2024,Bulgaria,5.554
2024,North Macedonia,5.503
2024,Armenia,5.494
2024,Hong Kong SAR of China,5.491
2024,Albania,5.411
2024,Tajikistan,5.411
2024,Georgia,5.4
2024,Nepal,5.311
2024,Lao PDR,5.301
2024,Türkiye,5.262
2024,South Africa,5.213
2024,Mozambique,5.19
2024,Gabon,5.12
2024,Côte d’Ivoire,5.102
2024,Iran,5.093
2024,Congo,5.03
2024,Iraq,4.976
2024,Guinea,4.929
2024,Namibia,4.911
2024,Cameroon,4.887
2024,Nigeria,4.885
2024,Azerbaijan,4.875
2024,Senegal,4.856
2024,State of Palestine,4.78
2024,Pakistan,4.768
2024,Niger,4.725
2024,Ukraine,4.68
2024,Morocco,4.622
2024,Tunisia,4.552
2024,Mauritania,4.542
2024,Kenya,4.51
2024,Uganda,4.461
2024,Gambia,4.423
2024,India,4.389
2024,Chad,4.384
2024,Burkina Faso,4.383
2024,Benin,4.357
2024,Somalia,4.347
2024,Mali,4.345
2024,Cambodia,4.341
2024,Ghana,4.34
2024,Myanmar,4.321
2024,Togo,4.315
2024,Jordan,4.31
2024,Liberia,4.277
2024,Madagascar,4.157
2024,Zambia,3.912
2024,Ethiopia,3.898
2024,Sri Lanka,3.891
2024,Bangladesh,3.851
2024,Egypt,3.817
2024,Tanzania,3.8
2024,Eswatini,3.774
2024,Lesotho,3.757
2024,Comoros,3.754
2024,Yemen,3.561
2024,DR Congo,3.469
2024,Botswana,3.438
2024,Zimbabwe,3.396
2024,Malawi,3.26
2024,Lebanon,3.188
2024,Sierra Leone,2.998
2024,Afghanistan,1.364
2023,Finland,7.741
2023,Denmark,7.583
2023,Iceland,7.525
2023,Sweden,7.344
2023,Israel,7.341
2023,Netherlands,7.319
2023,Norway,7.302
2023,Luxembourg,7.122
2023,Switzerland,7.06
2023,Australia,7.057
2023,New Zealand,7.029
2023,Costa Rica,6.955
2023,Kuwait,6.951
2023,Austria,6.905
2023,Canada,6.9
2023,Belgium,6.894
2023,Ireland,6.838
2023,Czechia,6.822
2023,Lithuania,6.818
2023,United Kingdom,6.749
2023,Slovenia,6.743
2023,United Arab Emirates,6.733
2023,United States,6.725
2023,Germany,6.719
2023,Mexico,6.678
2023,Uruguay,6.611
2023,France,6.609
2023,Saudi Arabia,6.594
2023,Kosovo,6.561
2023,Singapore,6.523
2023,Taiwan Province of China,6.503
2023,Romania,6.491
2023,El Salvador,6.469
2023,Estonia,6.448
2023,Poland,6.442
2023,Spain,6.421
2023,Serbia,6.411
2023,Chile,6.36
2023,Panama,6.358
2023,Malta,6.346
2023,Italy,6.324
2023,Guatemala,6.287
2023,Nicaragua,6.284
2023,Brazil,6.272
2023,Slovakia,6.257
2023,Latvia,6.234
2023,Uzbekistan,6.195
2023,Argentina,6.188
2023,Kazakhstan,6.188
2023,Cyprus,6.068
2023,Japan,6.06
2023,Republic of Korea,6.058
2023,Philippines,6.048
2023,Viet Nam,6.043
2023,Portugal,6.03
2023,Hungary,6.017
2023,Paraguay,5.977
2023,Thailand,5.976
2023,Malaysia,5.975
2023,China,5.973
2023,Honduras,5.968
2023,Bahrain,5.959
2023,Croatia,5.942
2023,Greece,5.934
2023,Bosnia and Herzegovina,5.877
2023,Libya,5.866
2023,Jamaica,5.842
2023,Peru,5.841
2023,Dominican Republic,5.823
2023,Mauritius,5.816
2023,Republic of Moldova,5.816
2023,Russian Federation,5.785
2023,Bolivia,5.784
2023,Ecuador,5.725
2023,Kyrgyzstan,5.714
2023,Montenegro,5.707
2023,Mongolia,5.696
2023,Colombia,5.695
2023,Venezuela,5.607
2023,Indonesia,5.568
2023,Bulgaria,5.463
2023,Armenia,5.455
2023,South Africa,5.422
2023,North Macedonia,5.369
2023,Algeria,5.364
2023,Hong Kong SAR of China,5.316
2023,Albania,5.304
2023,Tajikistan,5.281
2023,Congo,5.221
2023,Mozambique,5.216
2023,Georgia,5.185
2023,Iraq,5.166
2023,Nepal,5.158
2023,Lao PDR,5.139
2023,Gabon,5.106
2023,Côte d’Ivoire,5.08
2023,Guinea,5.023
2023,Türkiye,4.975
2023,Senegal,4.969
2023,Iran,4.923
2023,Azerbaijan,4.893
2023,Nigeria,4.881
2023,State of Palestine,4.879
2023,Cameroon,4.874
2023,Ukraine,4.873
2023,Namibia,4.832
2023,Morocco,4.795
2023,Pakistan,4.657
2023,Niger,4.556
2023,Burkina Faso,4.548
2023,Mauritania,4.505
2023,Gambia,4.485
2023,Chad,4.471
2023,Kenya,4.47
2023,Tunisia,4.422
2023,Benin,4.377
2023,Uganda,4.372
2023,Myanmar,4.354
2023,Cambodia,4.341
2023,Ghana,4.289
2023,Liberia,4.269
2023,Mali,4.232
2023,Madagascar,4.228
2023,Togo,4.214
2023,Jordan,4.186
2023,India,4.054
2023,Egypt,3.977
2023,Sri Lanka,3.898
2023,Bangladesh,3.886
2023,Ethiopia,3.861
2023,Tanzania,3.781
2023,Comoros,3.566
2023,Yemen,3.561
2023,Zambia,3.502
2023,Eswatini,3.502
2023,Malawi,3.421
2023,Botswana,3.383
2023,Zimbabwe,3.341
2023,DR Congo,3.295
2023,Sierra Leone,3.245
2023,Lesotho,3.186
2023,Lebanon,2.707
2023,Afghanistan,1.721
2022,Finland,7.804
2022,Denmark,7.586
2022,Iceland,7.53
2022,Israel,7.473
2022,Netherlands,7.403
2022,Sweden,7.395
2022,Norway,7.315
2022,Switzerland,7.24
2022,Luxembourg,7.228
2022,New Zealand,7.123
2022,Austria,7.097
2022,Australia,7.095
2022,Canada,6.961
2022,Ireland,6.911
2022,United States,6.894
2022,Germany,6.892
2022,Belgium,6.859
2022,Czechia,6.845
2022,United Kingdom,6.796
2022,Lithuania,6.763
2022,France,6.661
2022,Slovenia,6.65
2022,Costa Rica,6.609
2022,Romania,6.589
2022,Singapore,6.587
2022,United Arab Emirates,6.571
2022,Taiwan Province of China,6.535
2022,Uruguay,6.494
2022,Slovakia,6.469
2022,Saudi Arabia,6.463
2022,Estonia,6.455
2022,Spain,6.436
2022,Italy,6.405
2022,Kosovo,6.368
2022,Chile,6.334
2022,Mexico,6.33
2022,Malta,6.3
2022,Panama,6.265
2022,Poland,6.26
2022,Nicaragua,6.259
2022,Latvia,6.213
2022,Bahrain,6.173
2022,Guatemala,6.15
2022,Kazakhstan,6.144
2022,Serbia,6.144
2022,Cyprus,6.13
2022,Japan,6.129
2022,Croatia,6.125
2022,Brazil,6.125
2022,El Salvador,6.122
2022,Hungary,6.041
2022,Argentina,6.024
2022,Honduras,6.023
2022,Uzbekistan,6.014
2022,Malaysia,6.012
2022,Portugal,5.968
2022,Republic of Korea,5.951
2022,Greece,5.931
2022,Mauritius,5.902
2022,Thailand,5.843
2022,Mongolia,5.84
2022,Kyrgyzstan,5.825
2022,Republic of Moldova,5.819
2022,China,5.818
2022,Viet Nam,5.763
2022,Paraguay,5.738
2022,Montenegro,5.722
2022,Jamaica,5.703
2022,Bolivia,5.684
2022,Russian Federation,5.661
2022,Bosnia and Herzegovina,5.633
2022,Colombia,5.63
2022,Dominican Republic,5.569
2022,Ecuador,5.559
2022,Peru,5.526
2022,Philippines,5.523
2022,Bulgaria,5.466
2022,Nepal,5.36
2022,Armenia,5.342
2022,Tajikistan,5.33
2022,Algeria,5.329
2022,Hong Kong SAR of China,5.308
2022,Albania,5.277
2022,Indonesia,5.277
2022,South Africa,5.275
2022,Congo,5.267
2022,North Macedonia,5.254
2022,Venezuela,5.211
2022,Lao PDR,5.111
2022,Georgia,5.109
2022,Guinea,5.072
2022,Ukraine,5.071
2022,Côte d’Ivoire,5.053
2022,Gabon,5.035
2022,Nigeria,4.981
2022,Cameroon,4.973
2022,Mozambique,4.954
2022,Iraq,4.941
2022,State of Palestine,4.908
2022,Morocco,4.903
2022,Iran,4.876
2022,Senegal,4.855
2022,Mauritania,4.724
2022,Burkina Faso,4.638
2022,Namibia,4.631
2022,Türkiye,4.614
2022,Ghana,4.605
2022,Pakistan,4.555
2022,Niger,4.501
2022,Tunisia,4.497
2022,Kenya,4.487
2022,Sri Lanka,4.442
2022,Uganda,4.432
2022,Chad,4.397
2022,Cambodia,4.393
2022,Benin,4.374
2022,Myanmar,4.372
2022,Bangladesh,4.282
2022,Gambia,4.279
2022,Mali,4.198
2022,Egypt,4.17
2022,Togo,4.137
2022,Jordan,4.12
2022,Ethiopia,4.091
2022,Liberia,4.042
2022,India,4.036
2022,Madagascar,4.019
2022,Zambia,3.982
2022,Tanzania,3.694
2022,Comoros,3.545
2022,Malawi,3.495
2022,Botswana,3.435
2022,DR Congo,3.207
2022,Zimbabwe,3.204
2022,Sierra Leone,3.138
2022,Lebanon,2.392
2022,Afghanistan,1.859
2021,Finland,7.821
2021,Denmark,7.636
2021,Iceland,7.557
2021,Switzerland,7.512
2021,Netherlands,7.415
2021,Luxembourg,7.404
2021,Sweden,7.384
2021,Norway,7.365
2021,Israel,7.364
2021,New Zealand,7.2
2021,Austria,7.163
2021,Australia,7.162
2021,Ireland,7.041
2021,Germany,7.034
2021,Canada,7.025
2021,United States,6.977
2021,United Kingdom,6.943
2021,Czechia,6.92
2021,Belgium,6.805
2021,France,6.687
2021,Bahrain,6.647
2021,Slovenia,6.63
2021,Costa Rica,6.582
2021,United Arab Emirates,6.576
2021,Saudi Arabia,6.523
2021,Taiwan Province of China,6.512
2021,Singapore,6.48
2021,Romania,6.477
2021,Spain,6.476
2021,Uruguay,6.474
2021,Italy,6.467
2021,Kosovo,6.455
2021,Malta,6.447
2021,Lithuania,6.446
2021,Slovakia,6.391
2021,Estonia,6.341
2021,Panama,6.309
2021,Brazil,6.293
2021,Guatemala,6.262
2021,Kazakhstan,6.234
2021,Cyprus,6.221
2021,Latvia,6.18
2021,Serbia,6.178
2021,Chile,6.172
2021,Nicaragua,6.165
2021,Mexico,6.128
2021,Croatia,6.125
2021,Poland,6.123
2021,El Salvador,6.12
2021,Kuwait,6.106
2021,Hungary,6.086
2021,Mauritius,6.071
2021,Uzbekistan,6.063
2021,Japan,6.039
2021,Honduras,6.022
2021,Portugal,6.016
2021,Argentina,5.967
2021,Greece,5.948
2021,Republic of Korea,5.935
2021,Philippines,5.904
2021,Thailand,5.891
2021,Republic of Moldova,5.857
2021,Jamaica,5.85
2021,Kyrgyzstan,5.828
2021,Belarus,5.821
2021,Colombia,5.781
2021,Bosnia and Herzegovina,5.768
2021,Mongolia,5.761
2021,Dominican Republic,5.737
2021,Malaysia,5.711
2021,Bolivia,5.6
2021,China,5.585
2021,Paraguay,5.578
2021,Peru,5.559
2021,Montenegro,5.547
2021,Ecuador,5.533
2021,Viet Nam,5.485
2021,Turkmenistan,5.474
2021,North Cyprus,5.467
2021,Russian Federation,5.459
2021,Hong Kong SAR of China,5.425
2021,Armenia,5.399
2021,Tajikistan,5.377
2021,Nepal,5.377
2021,Bulgaria,5.371
2021,Libya,5.33
2021,Indonesia,5.24
2021,Côte d’Ivoire,5.235
2021,North Macedonia,5.199
2021,Albania,5.199
2021,South Africa,5.194
2021,Azerbaijan,5.173
2021,Gambia,5.164
2021,Bangladesh,5.155
2021,Lao PDR,5.14
2021,Algeria,5.122
2021,Liberia,5.122
2021,Ukraine,5.084
2021,Congo,5.075
2021,Morocco,5.06
2021,Mozambique,5.048
2021,Cameroon,5.048
2021,Senegal,5.046
2021,Niger,5.003
2021,Georgia,4.973
2021,Gabon,4.958
2021,Iraq,4.941
2021,Venezuela,4.925
2021,Guinea,4.891
2021,Iran,4.888
2021,Ghana,4.872
2021,Türkiye,4.744
2021,Burkina Faso,4.67
2021,Cambodia,4.64
2021,Benin,4.623
2021,Comoros,4.609
2021,Uganda,4.603
2021,Nigeria,4.552
2021,Kenya,4.543
2021,Tunisia,4.516
2021,Pakistan,4.516
2021,State of Palestine,4.483
2021,Mali,4.479
2021,Namibia,4.459
2021,Eswatini,4.396
2021,Myanmar,4.394
2021,Sri Lanka,4.362
2021,Madagascar,4.339
2021,Egypt,4.288
2021,Chad,4.251
2021,Ethiopia,4.241
2021,Yemen,4.197
2021,Mauritania,4.153
2021,Jordan,4.152
2021,Togo,4.112
2021,India,3.777
2021,Zambia,3.76
2021,Malawi,3.75
2021,Tanzania,3.702
2021,Sierra Leone,3.574
2021,Lesotho,3.512
2021,Botswana,3.471
2021,Rwanda,3.268
2021,Zimbabwe,2.995
2021,Lebanon,2.955
2021,Afghanistan,2.404
2020,Finland,7.842
2020,Denmark,7.62
2020,Switzerland,7.571
2020,Iceland,7.554
2020,Netherlands,7.464
2020,Norway,7.392
2020,Sweden,7.363
2020,Luxembourg,7.324
2020,New Zealand,7.277
2020,Austria,7.268
2020,Australia,7.183
2020,Israel,7.157
2020,Germany,7.155
2020,Canada,7.103
2020,Ireland,7.085
2020,Costa Rica,7.069
2020,United Kingdom,7.064
2020,Czechia,6.965
2020,United States,6.951
2020,Belgium,6.834
2020,France,6.69
2020,Bahrain,6.647
2020,Malta,6.602
2020,Taiwan Province of China,6.584
2020,United Arab Emirates,6.561
2020,Saudi Arabia,6.494
2020,Spain,6.491
2020,Italy,6.483
2020,Slovenia,6.461
2020,Guatemala,6.435
2020,Uruguay,6.431
2020,Singapore,6.377
2020,Kosovo,6.372
2020,Slovakia,6.331
2020,Brazil,6.33
2020,Mexico,6.317
2020,Jamaica,6.309
2020,Lithuania,6.255
2020,Cyprus,6.223
2020,Estonia,6.189
2020,Panama,6.18
2020,Uzbekistan,6.179
2020,Chile,6.172
2020,Poland,6.166
2020,Kazakhstan,6.152
2020,Romania,6.14
2020,Kuwait,6.106
2020,Serbia,6.078
2020,El Salvador,6.061
2020,Mauritius,6.049
2020,Latvia,6.032
2020,Colombia,6.012
2020,Hungary,5.992
2020,Thailand,5.985
2020,Nicaragua,5.972
2020,Japan,5.94
2020,Argentina,5.929
2020,Portugal,5.929
2020,Honduras,5.919
2020,Croatia,5.882
2020,Philippines,5.88
2020,Republic of Korea,5.845
2020,Peru,5.84
2020,Bosnia and Herzegovina,5.813
2020,Republic of Moldova,5.766
2020,Ecuador,5.764
2020,Kyrgyzstan,5.744
2020,Greece,5.723
2020,Bolivia,5.716
2020,Mongolia,5.677
2020,Paraguay,5.653
2020,Montenegro,5.581
2020,Dominican Republic,5.545
2020,North Cyprus,5.536
2020,Belarus,5.534
2020,Russian Federation,5.477
2020,Hong Kong SAR of China,5.477
2020,Tajikistan,5.466
2020,Viet Nam,5.411
2020,Libya,5.41
2020,Malaysia,5.384
2020,Indonesia,5.345
2020,Congo,5.342
2020,China,5.339
2020,Côte d’Ivoire,5.306
2020,Armenia,5.283
2020,Nepal,5.269
2020,Bulgaria,5.266
2020,Maldives,5.198
2020,Azerbaijan,5.171
2020,Cameroon,5.142
2020,Senegal,5.132
2020,Albania,5.117
2020,North Macedonia,5.101
2020,Ghana,5.088
2020,Niger,5.074
2020,Turkmenistan,5.066
2020,Gambia,5.051
2020,Benin,5.045
2020,Lao PDR,5.03
2020,Bangladesh,5.025
2020,Guinea,4.984
2020,South Africa,4.956
2020,Türkiye,4.948
2020,Pakistan,4.934
2020,Morocco,4.918
2020,Venezuela,4.892
2020,Georgia,4.891
2020,Algeria,4.887
2020,Ukraine,4.875
2020,Iraq,4.854
2020,Gabon,4.852
2020,Burkina Faso,4.834
2020,Cambodia,4.83
2020,Mozambique,4.794
2020,Nigeria,4.759
2020,Mali,4.723
2020,Iran,4.721
2020,Uganda,4.636
2020,Liberia,4.625
2020,Kenya,4.607
2020,Tunisia,4.596
2020,Lebanon,4.584
2020,Namibia,4.574
2020,State of Palestine,4.517
2020,Myanmar,4.426
2020,Jordan,4.395
2020,Chad,4.355
2020,Sri Lanka,4.325
2020,Swaziland,4.308
2020,Comoros,4.289
2020,Egypt,4.283
2020,Ethiopia,4.275
2020,Mauritania,4.227
2020,Madagascar,4.208
2020,Togo,4.107
2020,Zambia,4.073
2020,Sierra Leone,3.849
2020,India,3.819
2020,Burundi,3.775
2020,Yemen,3.658
2020,Tanzania,3.623
2020,Haiti,3.615
2020,Malawi,3.6
2020,Lesotho,3.512
2020,Botswana,3.467
2020,Rwanda,3.415
2020,Zimbabwe,3.145
2020,Afghanistan,2.523
2019,Finland,7.80870008468628
2019,Denmark,7.64559984207153
2019,Switzerland,7.55989980697632
2019,Iceland,7.50449991226196
2019,Norway,7.48799991607666
2019,Netherlands,7.44890022277832
2019,Sweden,7.35349988937378
2019,New Zealand,7.29960012435913
2019,Austria,7.29419994354248
2019,Luxembourg,7.23750019073486
2019,Canada,7.23210000991821
2019,Australia,7.22279977798462
2019,United Kingdom,7.16450023651123
2019,Israel,7.12860012054443
2019,Costa Rica,7.12139987945557
2019,Ireland,7.09369993209839
2019,Germany,7.0757999420166
2019,United States,6.93959999084473
2019,Czechia,6.9109001159668
2019,Belgium,6.86350011825562
2019,United Arab Emirates,6.79080009460449
2019,Malta,6.77279996871948
2019,France,6.66379976272583
2019,Mexico,6.46500015258789
2019,Taiwan Province of China,6.45539999008179
2019,Uruguay,6.44010019302368
2019,Saudi Arabia,6.4064998626709
2019,Spain,6.40089988708496
2019,Guatemala,6.39890003204346
2019,Italy,6.38740015029907
2019,Singapore,6.37709999084473
2019,Brazil,6.37559986114502
2019,Slovenia,6.36339998245239
2019,El Salvador,6.34829998016357
2019,Kosovo,6.32520008087158
2019,Panama,6.30480003356934
2019,Slovakia,6.28060007095337
2019,Uzbekistan,6.25759983062744
2019,Chile,6.22849988937378
2019,Bahrain,6.22730016708374
2019,Lithuania,6.21549987792969
2019,Trinidad and Tobago,6.19189977645874
2019,Poland,6.1862998008728
2019,Colombia,6.16340017318726
2019,Cyprus,6.15899991989136
2019,Nicaragua,6.13710021972656
2019,Romania,6.12370014190674
2019,Kuwait,6.10209989547729
2019,Mauritius,6.10129976272583
2019,Kazakhstan,6.05789995193481
2019,Estonia,6.02180004119873
2019,Philippines,6.00600004196167
2019,Hungary,6.00040006637573
2019,Thailand,5.9987998008728
2019,Argentina,5.97469997406006
2019,Honduras,5.95319986343384
2019,Latvia,5.94999980926514
2019,Ecuador,5.92519998550415
2019,Portugal,5.9109001159668
2019,Jamaica,5.88980007171631
2019,Republic of Korea,5.87239980697632
2019,Japan,5.87080001831055
2019,Peru,5.79680013656616
2019,Serbia,5.77820014953613
2019,Bolivia,5.74749994277954
2019,Pakistan,5.69329977035522
2019,Paraguay,5.69210004806519
2019,Dominican Republic,5.68919992446899
2019,Bosnia and Herzegovina,5.67409992218018
2019,Republic of Moldova,5.60750007629395
2019,Tajikistan,5.55569982528687
2019,Montenegro,5.54610013961792
2019,Russian Federation,5.5460000038147
2019,Kyrgyzstan,5.54150009155273
2019,Belarus,5.5398998260498
2019,North Cyprus,5.53550004959106
2019,Greece,5.5149998664856
2019,Hong Kong SAR of China,5.51039981842041
2019,Croatia,5.50470018386841
2019,Libya,5.48880004882813
2019,Mongolia,5.45620012283325
2019,Malaysia,5.38430023193359
2019,Viet Nam,5.35349988937378
2019,Indonesia,5.28560018539429
2019,Côte d’Ivoire,5.23330020904541
2019,Benin,5.21600008010864
2019,Maldives,5.1975998878479
2019,Congo,5.1943998336792
2019,Azerbaijan,5.16480016708374
2019,North Macedonia,5.15980005264282
2019,Ghana,5.14799976348877
2019,Nepal,5.13719987869263
2019,Türkiye,5.13180017471313
2019,China,5.12389993667603
2019,Turkmenistan,5.11910009384155
2019,Bulgaria,5.10150003433228
2019,Morocco,5.09479999542236
2019,Cameroon,5.08489990234375
2019,Venezuela,5.05319976806641
2019,Algeria,5.00509977340698
2019,Senegal,4.98080015182495
2019,Guinea,4.94929981231689
2019,Niger,4.90959978103638
2019,Lao PDR,4.88859987258911
2019,Albania,4.88269996643066
2019,Cambodia,4.8484001159668
2019,Bangladesh,4.83279991149902
2019,Gabon,4.82929992675781
2019,South Africa,4.81409978866577
2019,Iraq,4.78480005264282
2019,Lebanon,4.77150011062622
2019,Burkina Faso,4.76870012283325
2019,Gambia,4.75059986114502
2019,Mali,4.72930002212524
2019,Nigeria,4.72410011291504
2019,Armenia,4.67679977416992
2019,Georgia,4.67259979248047
2019,Iran,4.67239999771118
2019,Jordan,4.63339996337891
2019,Mozambique,4.62360000610352
2019,Kenya,4.58300018310547
2019,Namibia,4.57110023498535
2019,Ukraine,4.56069993972778
2019,Liberia,4.55789995193481
2019,State of Palestine,4.55280017852783
2019,Uganda,4.43200016021729
2019,Chad,4.42269992828369
2019,Tunisia,4.39219999313354
2019,Mauritania,4.37459993362427
2019,Sri Lanka,4.3270001411438
2019,DR Congo,4.31099987030029
2019,Swaziland,4.30810022354126
2019,Myanmar,4.30800008773804
2019,Comoros,4.28859996795654
2019,Togo,4.18720006942749
2019,Ethiopia,4.18620014190674
2019,Madagascar,4.16559982299805
2019,Egypt,4.15140008926392
2019,Sierra Leone,3.92639994621277
2019,Burundi,3.77530002593994
2019,Zambia,3.75939989089966
2019,Haiti,3.72079992294312
2019,Lesotho,3.6528000831604
2019,India,3.57329988479614
2019,Malawi,3.53800010681152
2019,Yemen,3.52740001678467
2019,Botswana,3.47889995574951
2019,Tanzania,3.47620010375977
2019,Central African Republic,3.47589993476868
2019,Rwanda,3.31229996681213
2019,Zimbabwe,3.2992000579834
2019,South Sudan,2.81660008430481
2019,Afghanistan,2.56690001487732
2018,Finland,7.769
2018,Denmark,7.6
2018,Norway,7.554
2018,Iceland,7.494
2018,Netherlands,7.488
2018,Switzerland,7.48
2018,Sweden,7.343
2018,New Zealand,7.307
2018,Canada,7.278
2018,Austria,7.246
2018,Australia,7.228
2018,Costa Rica,7.167
2018,Israel,7.139
2018,Luxembourg,7.09
2018,United Kingdom,7.054
2018,Ireland,7.021
2018,Germany,6.985
2018,Belgium,6.923
2018,United States,6.892
2018,Czechia,6.852
2018,United Arab Emirates,6.825
2018,Malta,6.726
2018,Mexico,6.595
2018,France,6.592
2018,Taiwan Province of China,6.446
2018,Chile,6.444
2018,Guatemala,6.436
2018,Saudi Arabia,6.375
2018,Qatar,6.374
2018,Spain,6.354
2018,Panama,6.321
2018,Brazil,6.3
2018,Uruguay,6.293
2018,Singapore,6.262
2018,El Salvador,6.253
2018,Italy,6.223
2018,Bahrain,6.199
2018,Slovakia,6.198
2018,Trinidad and Tobago,6.192
2018,Poland,6.182
2018,Uzbekistan,6.174
2018,Lithuania,6.149
2018,Colombia,6.125
2018,Slovenia,6.118
2018,Nicaragua,6.105
2018,Kosovo,6.1
2018,Argentina,6.086
2018,Romania,6.07
2018,Cyprus,6.046
2018,Ecuador,6.028
2018,Kuwait,6.021
2018,Thailand,6.008
2018,Latvia,5.94
2018,Republic of Korea,5.895
2018,Estonia,5.893
2018,Jamaica,5.89
2018,Mauritius,5.888
2018,Japan,5.886
2018,Honduras,5.86
2018,Kazakhstan,5.809
2018,Bolivia,5.779
2018,Hungary,5.758
2018,Paraguay,5.743
2018,North Cyprus,5.718
2018,Peru,5.697
2018,Portugal,5.693
2018,Pakistan,5.653
2018,Russian Federation,5.648
2018,Philippines,5.631
2018,Serbia,5.603
2018,Republic of Moldova,5.529
2018,Libya,5.525
2018,Montenegro,5.523
2018,Tajikistan,5.467
2018,Croatia,5.432
2018,Hong Kong SAR of China,5.43
2018,Dominican Republic,5.425
2018,Bosnia and Herzegovina,5.386
2018,Türkiye,5.373
2018,Malaysia,5.339
2018,Belarus,5.323
2018,Greece,5.287
2018,Mongolia,5.285
2018,North Macedonia,5.274
2018,Nigeria,5.265
2018,Kyrgyzstan,5.261
2018,Turkmenistan,5.247
2018,Algeria,5.211
2018,Morocco,5.208
2018,Azerbaijan,5.208
2018,Lebanon,5.197
2018,Indonesia,5.192
2018,China,5.191
2018,Viet Nam,5.175
2018,Bhutan,5.082
2018,Cameroon,5.044
2018,Bulgaria,5.011
2018,Ghana,4.996
2018,Côte d’Ivoire,4.944
2018,Nepal,4.913
2018,Jordan,4.906
2018,Benin,4.883
2018,Congo,4.812
2018,Gabon,4.799
2018,Lao PDR,4.796
2018,South Africa,4.722
2018,Albania,4.719
2018,Venezuela,4.707
2018,Cambodia,4.7
2018,State of Palestine,4.696
2018,Senegal,4.681
2018,Somalia,4.668
2018,Namibia,4.639
2018,Niger,4.628
2018,Burkina Faso,4.587
2018,Armenia,4.559
2018,Iran,4.548
2018,Guinea,4.534
2018,Georgia,4.519
2018,Gambia,4.516
2018,Sri Lanka,4.366
2018,Kenya,4.509
2018,Mauritania,4.49
2018,Mozambique,4.466
2018,Tunisia,4.461
2018,Bangladesh,4.456
2018,Iraq,4.437
2018,DR Congo,4.418
2018,Mali,4.39
2018,Sierra Leone,4.374
2018,Myanmar,4.36
2018,Chad,4.35
2018,Ukraine,4.332
2018,Ethiopia,4.286
2018,Swaziland,4.212
2018,Uganda,4.189
2018,Egypt,4.166
2018,Zambia,4.107
2018,Togo,4.085
2018,India,4.015
2018,Liberia,3.975
2018,Comoros,3.973
2018,Madagascar,3.933
2018,Lesotho,3.802
2018,Burundi,3.775
2018,Zimbabwe,3.663
2018,Haiti,3.597
2018,Botswana,3.488
2018,Syria,3.462
2018,Malawi,3.41
2018,Yemen,3.38
2018,Rwanda,3.334
2018,Tanzania,3.231
2018,Afghanistan,3.203
2018,Central African Republic,3.083
2018,South Sudan,2.853
2017,Finland,7.632
2017,Norway,7.594
2017,Denmark,7.555
2017,Iceland,7.495
2017,Switzerland,7.487
2017,Netherlands,7.441
2017,Canada,7.328
2017,New Zealand,7.324
2017,Sweden,7.314
2017,Australia,7.272
2017,Israel,7.19
2017,Austria,7.139
2017,Costa Rica,7.072
2017,Ireland,6.977
2017,Germany,6.965
2017,Belgium,6.927
2017,Luxembourg,6.91
2017,United States,6.886
2017,United Kingdom,6.814
2017,United Arab Emirates,6.774
2017,Czechia,6.711
2017,Malta,6.627
2017,France,6.489
2017,Mexico,6.488
2017,Chile,6.476
2017,Taiwan Province of China,6.441
2017,Panama,6.43
2017,Brazil,6.419
2017,Argentina,6.388
2017,Guatemala,6.382
2017,Uruguay,6.379
2017,Qatar,6.374
2017,Saudi Arabia,6.371
2017,Singapore,6.343
2017,Malaysia,6.322
2017,Spain,6.31
2017,Colombia,6.26
2017,Trinidad and Tobago,6.192
2017,Slovakia,6.173
2017,El Salvador,6.167
2017,Nicaragua,6.141
2017,Poland,6.123
2017,Bahrain,6.105
2017,Uzbekistan,6.096
2017,Kuwait,6.083
2017,Thailand,6.072
2017,Italy,6.0
2017,Ecuador,5.973
2017,Belize,5.956
2017,Lithuania,5.952
2017,Slovenia,5.948
2017,Romania,5.945
2017,Latvia,5.933
2017,Japan,5.915
2017,Mauritius,5.891
2017,Jamaica,5.89
2017,Republic of Korea,5.875
2017,North Cyprus,5.835
2017,Russian Federation,5.81
2017,Kazakhstan,5.79
2017,Cyprus,5.762
2017,Bolivia,5.752
2017,Estonia,5.739
2017,Paraguay,5.681
2017,Peru,5.663
2017,Kosovo,5.662
2017,Republic of Moldova,5.64
2017,Turkmenistan,5.636
2017,Hungary,5.62
2017,Libya,5.566
2017,Philippines,5.524
2017,Honduras,5.504
2017,Belarus,5.483
2017,Türkiye,5.483
2017,Pakistan,5.472
2017,Hong Kong SAR of China,5.43
2017,Portugal,5.41
2017,Serbia,5.398
2017,Greece,5.358
2017,Tajikistan,5.352
2017,Montenegro,5.347
2017,Croatia,5.321
2017,Dominican Republic,5.302
2017,Algeria,5.295
2017,Morocco,5.254
2017,China,5.246
2017,Azerbaijan,5.201
2017,Lebanon,5.199
2017,North Macedonia,5.185
2017,Jordan,5.161
2017,Nigeria,5.155
2017,Kyrgyzstan,5.131
2017,Bosnia and Herzegovina,5.129
2017,Mongolia,5.125
2017,Viet Nam,5.103
2017,Indonesia,5.093
2017,Bhutan,5.082
2017,Somalia,4.982
2017,Cameroon,4.975
2017,Bulgaria,4.933
2017,Nepal,4.88
2017,Venezuela,4.806
2017,Gabon,4.758
2017,State of Palestine,4.743
2017,South Africa,4.724
2017,Iran,4.707
2017,Côte d’Ivoire,4.671
2017,Ghana,4.657
2017,Senegal,4.631
2017,Lao PDR,4.623
2017,Tunisia,4.592
2017,Albania,4.586
2017,Sierra Leone,4.571
2017,Congo,4.559
2017,Bangladesh,4.5
2017,Sri Lanka,4.471
2017,Iraq,4.456
2017,Mali,4.447
2017,Namibia,4.441
2017,Cambodia,4.433
2017,Burkina Faso,4.424
2017,Egypt,4.419
2017,Mozambique,4.417
2017,Kenya,4.41
2017,Zambia,4.377
2017,Mauritania,4.356
2017,Ethiopia,4.35
2017,Georgia,4.34
2017,Armenia,4.321
2017,Myanmar,4.308
2017,Chad,4.301
2017,DR Congo,4.245
2017,India,4.19
2017,Niger,4.166
2017,Uganda,4.161
2017,Benin,4.141
2017,Sudan,4.139
2017,Ukraine,4.103
2017,Togo,3.999
2017,Guinea,3.964
2017,Lesotho,3.808
2017,Angola,3.795
2017,Madagascar,3.774
2017,Zimbabwe,3.692
2017,Afghanistan,3.632
2017,Botswana,3.59
2017,Malawi,3.587
2017,Haiti,3.582
2017,Liberia,3.495
2017,Syria,3.462
2017,Rwanda,3.408
2017,Yemen,3.355
2017,Tanzania,3.303
2017,South Sudan,3.254
2017,Central African Republic,3.083
2017,Burundi,2.905
2016,Norway,7.537
2016,Denmark,7.522
2016,Iceland,7.504
2016,Switzerland,7.494
2016,Finland,7.469
2016,Netherlands,7.377
2016,Canada,7.316
2016,New Zealand,7.314
2016,Australia,7.284
2016,Sweden,7.284
2016,Israel,7.213
2016,Costa Rica,7.079
2016,Austria,7.006
2016,United States,6.993
2016,Ireland,6.977
2016,Germany,6.951
2016,Belgium,6.891
2016,Luxembourg,6.863
2016,United Kingdom,6.714
2016,Chile,6.652
2016,United Arab Emirates,6.648
2016,Brazil,6.635
2016,Czechia,6.609
2016,Argentina,6.599
2016,Mexico,6.578
2016,Singapore,6.572
2016,Malta,6.527
2016,Uruguay,6.454
2016,Guatemala,6.454
2016,Panama,6.452
2016,France,6.442
2016,Thailand,6.424
2016,Taiwan Province of China,6.422
2016,Spain,6.403
2016,Qatar,6.375
2016,Colombia,6.357
2016,Saudi Arabia,6.344
2016,Trinidad and Tobago,6.168
2016,Kuwait,6.105
2016,Slovakia,6.098
2016,Bahrain,6.087
2016,Malaysia,6.084
2016,Nicaragua,6.071
2016,Ecuador,6.008
2016,El Salvador,6.003
2016,Poland,5.973
2016,Uzbekistan,5.971
2016,Italy,5.964
2016,Russian Federation,5.963
2016,Belize,5.956
2016,Japan,5.92
2016,Lithuania,5.902
2016,Algeria,5.872
2016,Latvia,5.85
2016,Republic of Korea,5.838
2016,Republic of Moldova,5.838
2016,Romania,5.825
2016,Bolivia,5.823
2016,Turkmenistan,5.822
2016,Kazakhstan,5.819
2016,North Cyprus,5.81
2016,Slovenia,5.758
2016,Peru,5.715
2016,Mauritius,5.629
2016,Cyprus,5.621
2016,Estonia,5.611
2016,Belarus,5.569
2016,Libya,5.525
2016,Türkiye,5.5
2016,Paraguay,5.493
2016,Hong Kong SAR of China,5.472
2016,Philippines,5.43
2016,Serbia,5.395
2016,Jordan,5.336
2016,Hungary,5.324
2016,Jamaica,5.311
2016,Croatia,5.293
2016,Kosovo,5.279
2016,China,5.273
2016,Pakistan,5.269
2016,Indonesia,5.262
2016,Venezuela,5.25
2016,Montenegro,5.237
2016,Morocco,5.235
2016,Azerbaijan,5.234
2016,Dominican Republic,5.23
2016,Greece,5.227
2016,Lebanon,5.225
2016,Portugal,5.195
2016,Bosnia and Herzegovina,5.182
2016,Honduras,5.181
2016,North Macedonia,5.175
2016,Somalia,5.151
2016,Viet Nam,5.074
2016,Nigeria,5.074
2016,Tajikistan,5.041
2016,Bhutan,5.011
2016,Kyrgyzstan,5.004
2016,Nepal,4.962
2016,Mongolia,4.955
2016,South Africa,4.829
2016,Tunisia,4.805
2016,State of Palestine,4.775
2016,Egypt,4.735
2016,Bulgaria,4.714
2016,Sierra Leone,4.709
2016,Cameroon,4.695
2016,Iran,4.692
2016,Albania,4.644
2016,Bangladesh,4.608
2016,Namibia,4.574
2016,Kenya,4.553
2016,Mozambique,4.55
2016,Myanmar,4.545
2016,Senegal,4.535
2016,Zambia,4.514
2016,Iraq,4.497
2016,Gabon,4.465
2016,Ethiopia,4.46
2016,Sri Lanka,4.44
2016,Armenia,4.376
2016,India,4.315
2016,Mauritania,4.292
2016,Congo,4.291
2016,Georgia,4.286
2016,DR Congo,4.28
2016,Mali,4.19
2016,Côte d’Ivoire,4.18
2016,Cambodia,4.168
2016,Sudan,4.139
2016,Ghana,4.12
2016,Ukraine,4.096
2016,Uganda,4.081
2016,Burkina Faso,4.032
2016,Niger,4.028
2016,Malawi,3.97
2016,Chad,3.936
2016,Zimbabwe,3.875
2016,Lesotho,3.808
2016,Angola,3.795
2016,Afghanistan,3.794
2016,Botswana,3.766
2016,Benin,3.657
2016,Madagascar,3.644
2016,Haiti,3.603
2016,Yemen,3.593
2016,South Sudan,3.591
2016,Liberia,3.533
2016,Guinea,3.507
2016,Togo,3.495
2016,Rwanda,3.471
2016,Syria,3.462
2016,Tanzania,3.349
2016,Burundi,2.905
2016,Central African Republic,2.693
2015,Denmark,7.526
2015,Switzerland,7.509
2015,Iceland,7.501
2015,Norway,7.498
2015,Finland,7.413
2015,Canada,7.404
2015,Netherlands,7.339
2015,New Zealand,7.334
2015,Australia,7.313
2015,Sweden,7.291
2015,Israel,7.267
2015,Austria,7.119
2015,United States,7.104
2015,Costa Rica,7.087
2015,Puerto Rico,7.039
2015,Germany,6.994
2015,Brazil,6.952
2015,Belgium,6.929
2015,Ireland,6.907
2015,Luxembourg,6.871
2015,Mexico,6.778
2015,Singapore,6.739
2015,United Kingdom,6.725
2015,Chile,6.705
2015,Panama,6.701
2015,Argentina,6.65
2015,Czechia,6.596
2015,United Arab Emirates,6.573
2015,Uruguay,6.545
2015,Malta,6.488
2015,Colombia,6.481
2015,France,6.478
2015,Thailand,6.474
2015,Saudi Arabia,6.379
2015,Taiwan Province of China,6.379
2015,Qatar,6.375
2015,Spain,6.361
2015,Algeria,6.355
2015,Guatemala,6.324
2015,Suriname,6.269
2015,Kuwait,6.239
2015,Bahrain,6.218
2015,Trinidad and Tobago,6.168
2015,Venezuela,6.084
2015,Slovakia,6.078
2015,El Salvador,6.068
2015,Malaysia,6.005
2015,Nicaragua,5.992
2015,Uzbekistan,5.987
2015,Italy,5.977
2015,Ecuador,5.976
2015,Belize,5.956
2015,Japan,5.921
2015,Kazakhstan,5.919
2015,Republic of Moldova,5.897
2015,Russian Federation,5.856
2015,Poland,5.835
2015,Republic of Korea,5.835
2015,Bolivia,5.822
2015,Lithuania,5.813
2015,Belarus,5.802
2015,North Cyprus,5.771
2015,Slovenia,5.768
2015,Peru,5.743
2015,Turkmenistan,5.658
2015,Mauritius,5.648
2015,Libya,5.615
2015,Latvia,5.56
2015,Cyprus,5.546
2015,Paraguay,5.538
2015,Romania,5.528
2015,Estonia,5.517
2015,Jamaica,5.51
2015,Croatia,5.488
2015,Hong Kong SAR of China,5.458
2015,Somalia,5.44
2015,Kosovo,5.401
2015,Türkiye,5.389
2015,Indonesia,5.314
2015,Jordan,5.303
2015,Azerbaijan,5.291
2015,Philippines,5.279
2015,China,5.245
2015,Bhutan,5.196
2015,Kyrgyzstan,5.185
2015,Serbia,5.177
2015,Bosnia and Herzegovina,5.163
2015,Montenegro,5.161
2015,Dominican Republic,5.155
2015,Morocco,5.151
2015,Hungary,5.145
2015,Pakistan,5.132
2015,Lebanon,5.129
2015,Portugal,5.123
2015,North Macedonia,5.121
2015,Viet Nam,5.061
2015,Somaliland Region,5.057
2015,Tunisia,5.045
2015,Greece,5.033
2015,Tajikistan,4.996
2015,Mongolia,4.907
2015,Lao PDR,4.876
2015,Nigeria,4.875
2015,Honduras,4.871
2015,Iran,4.813
2015,Zambia,4.795
2015,Nepal,4.793
2015,State of Palestine,4.754
2015,Albania,4.655
2015,Bangladesh,4.643
2015,Sierra Leone,4.635
2015,Iraq,4.575
2015,Namibia,4.574
2015,Cameroon,4.513
2015,Ethiopia,4.508
2015,South Africa,4.459
2015,Sri Lanka,4.415
2015,India,4.404
2015,Myanmar,4.395
2015,Egypt,4.362
2015,Armenia,4.36
2015,Kenya,4.356
2015,Ukraine,4.324
2015,Ghana,4.276
2015,DR Congo,4.272
2015,Georgia,4.252
2015,Congo,4.236
2015,Senegal,4.219
2015,Bulgaria,4.217
2015,Mauritania,4.201
2015,Zimbabwe,4.193
2015,Malawi,4.156
2015,Sudan,4.139
2015,Gabon,4.121
2015,Mali,4.073
2015,Haiti,4.028
2015,Botswana,3.974
2015,Comoros,3.956
2015,Côte d’Ivoire,3.916
2015,Cambodia,3.907
2015,Angola,3.866
2015,Niger,3.856
2015,South Sudan,3.832
2015,Chad,3.763
2015,Burkina Faso,3.739
2015,Uganda,3.739
2015,Yemen,3.724
2015,Madagascar,3.695
2015,Tanzania,3.666
2015,Liberia,3.622
2015,Guinea,3.607
2015,Rwanda,3.515
2015,Benin,3.484
2015,Afghanistan,3.36
2015,Togo,3.303
2015,Syria,3.069
2015,Burundi,2.905
2014,Switzerland,7.587
2014,Iceland,7.561
2014,Denmark,7.527
2014,Norway,7.522
2014,Canada,7.427
2014,Finland,7.406
2014,Netherlands,7.378
2014,Sweden,7.364
2014,New Zealand,7.286
2014,Australia,7.284
2014,Israel,7.278
2014,Costa Rica,7.226
2014,Austria,7.2
2014,Mexico,7.187
2014,United States,7.119
2014,Brazil,6.983
2014,Luxembourg,6.946
2014,Ireland,6.94
2014,Belgium,6.937
2014,United Arab Emirates,6.901
2014,United Kingdom,6.867
2014,Oman,6.853
2014,Venezuela,6.81
2014,Singapore,6.798
2014,Panama,6.786
2014,Germany,6.75
2014,Chile,6.67
2014,Qatar,6.611
2014,France,6.575
2014,Argentina,6.574
2014,Czechia,6.505
2014,Uruguay,6.485
2014,Colombia,6.477
2014,Thailand,6.455
2014,Saudi Arabia,6.411
2014,Spain,6.329
2014,Malta,6.302
2014,Taiwan Province of China,6.298
2014,Kuwait,6.295
2014,Suriname,6.269
2014,Trinidad and Tobago,6.168
2014,El Salvador,6.13
2014,Guatemala,6.123
2014,Uzbekistan,6.003
2014,Slovakia,5.995
2014,Japan,5.987
2014,Republic of Korea,5.984
2014,Ecuador,5.975
2014,Bahrain,5.96
2014,Italy,5.948
2014,Bolivia,5.89
2014,Republic of Moldova,5.889
2014,Paraguay,5.878
2014,Kazakhstan,5.855
2014,Slovenia,5.848
2014,Lithuania,5.833
2014,Nicaragua,5.828
2014,Peru,5.824
2014,Belarus,5.813
2014,Poland,5.791
2014,Malaysia,5.77
2014,Croatia,5.759
2014,Libya,5.754
2014,Russian Federation,5.716
2014,Jamaica,5.709
2014,North Cyprus,5.695
2014,Cyprus,5.689
2014,Algeria,5.605
2014,Kosovo,5.589
2014,Turkmenistan,5.548
2014,Mauritius,5.477
2014,Hong Kong SAR of China,5.474
2014,Estonia,5.429
2014,Indonesia,5.399
2014,Viet Nam,5.36
2014,Türkiye,5.332
2014,Kyrgyzstan,5.286
2014,Nigeria,5.268
2014,Bhutan,5.253
2014,Azerbaijan,5.212
2014,Pakistan,5.194
2014,Jordan,5.192
2014,Montenegro,5.192
2014,China,5.14
2014,Zambia,5.129
2014,Romania,5.124
2014,Serbia,5.123
2014,Portugal,5.102
2014,Latvia,5.098
2014,Philippines,5.073
2014,Somaliland Region,5.057
2014,Morocco,5.013
2014,North Macedonia,5.007
2014,Mozambique,4.971
2014,Albania,4.959
2014,Bosnia and Herzegovina,4.949
2014,Lesotho,4.898
2014,Dominican Republic,4.885
2014,Lao PDR,4.876
2014,Mongolia,4.874
2014,Swaziland,4.867
2014,Greece,4.857
2014,Lebanon,4.839
2014,Hungary,4.8
2014,Honduras,4.788
2014,Tajikistan,4.786
2014,Tunisia,4.739
2014,State of Palestine,4.715
2014,Bangladesh,4.694
2014,Iran,4.686
2014,Ukraine,4.681
2014,Iraq,4.677
2014,South Africa,4.642
2014,Ghana,4.633
2014,Zimbabwe,4.61
2014,Liberia,4.571
2014,India,4.565
2014,Sudan,4.55
2014,Haiti,4.518
2014,DR Congo,4.517
2014,Nepal,4.514
2014,Ethiopia,4.512
2014,Sierra Leone,4.507
2014,Mauritania,4.436
2014,Kenya,4.419
2014,Djibouti,4.369
2014,Armenia,4.35
2014,Botswana,4.332
2014,Myanmar,4.307
2014,Georgia,4.297
2014,Malawi,4.292
2014,Sri Lanka,4.271
2014,Cameroon,4.252
2014,Bulgaria,4.218
2014,Egypt,4.194
2014,Yemen,4.077
2014,Angola,4.033
2014,Mali,3.995
2014,Congo,3.989
2014,Comoros,3.956
2014,Uganda,3.931
2014,Senegal,3.904
2014,Gabon,3.896
2014,Niger,3.845
2014,Cambodia,3.819
2014,Tanzania,3.781
2014,Madagascar,3.681
2014,Central African Republic,3.678
2014,Chad,3.667
2014,Guinea,3.656
2014,Côte d’Ivoire,3.655
2014,Burkina Faso,3.587
2014,Afghanistan,3.575
2014,Rwanda,3.465
2014,Benin,3.34
2014,Syria,3.006
2014,Burundi,2.906
2014,Togo,2.839
2012,Denmark,7.693
2012,Norway,7.655
2012,Switzerland,7.65
2012,Netherlands,7.512
2012,Sweden,7.48
2012,Canada,7.477
2012,Finland,7.389
2012,Austria,7.369
2012,Iceland,7.355
2012,Australia,7.35
2012,Israel,7.301
2012,Costa Rica,7.257
2012,New Zealand,7.221
2012,United Arab Emirates,7.144
2012,Panama,7.143
2012,Mexico,7.088
2012,United States,7.082
2012,Ireland,7.076
2012,Luxembourg,7.054
2012,Venezuela,7.039
2012,Belgium,6.967
2012,United Kingdom,6.883
2012,Oman,6.853
2012,Brazil,6.849
2012,France,6.764
2012,Germany,6.672
2012,Qatar,6.666
2012,Chile,6.587
2012,Argentina,6.562
2012,Singapore,6.546
2012,Trinidad and Tobago,6.519
2012,Kuwait,6.515
2012,Saudi Arabia,6.48
2012,Cyprus,6.466
2012,Colombia,6.416
2012,Thailand,6.371
2012,Uruguay,6.355
2012,Spain,6.322
2012,Czechia,6.29
2012,Suriname,6.269
2012,Republic of Korea,6.267
2012,Taiwan Province of China,6.221
2012,Japan,6.064
2012,Slovenia,6.06
2012,Italy,6.021
2012,Slovakia,5.969
2012,Guatemala,5.965
2012,Malta,5.964
2012,Ecuador,5.865
2012,Bolivia,5.857
2012,Poland,5.822
2012,El Salvador,5.809
2012,Republic of Moldova,5.791
2012,Paraguay,5.779
2012,Peru,5.776
2012,Malaysia,5.76
2012,Kazakhstan,5.671
2012,Croatia,5.661
2012,Turkmenistan,5.628
2012,Uzbekistan,5.623
2012,Angola,5.589
2012,Albania,5.55
2012,Viet Nam,5.533
2012,Hong Kong SAR of China,5.523
2012,Nicaragua,5.507
2012,Belarus,5.504
2012,Mauritius,5.477
2012,Russian Federation,5.464
2012,North Cyprus,5.463
2012,Greece,5.435
2012,Lithuania,5.426
2012,Estonia,5.426
2012,Algeria,5.422
2012,Jordan,5.414
2012,Jamaica,5.374
2012,Indonesia,5.348
2012,Türkiye,5.345
2012,Libya,5.34
2012,Bahrain,5.312
2012,Montenegro,5.299
2012,Pakistan,5.292
2012,Nigeria,5.248
2012,Kosovo,5.222
2012,Honduras,5.142
2012,Portugal,5.101
2012,Ghana,5.091
2012,Ukraine,5.057
2012,Latvia,5.046
2012,Kyrgyzstan,5.042
2012,Romania,5.033
2012,Zambia,5.006
2012,Philippines,4.985
2012,China,4.978
2012,Mozambique,4.971
2012,Dominican Republic,4.963
2012,South Africa,4.963
2012,Lebanon,4.931
2012,Lesotho,4.898
2012,Morocco,4.885
2012,Swaziland,4.867
2012,Somaliland Region,4.847
2012,Mongolia,4.834
2012,Zimbabwe,4.827
2012,Tunisia,4.826
2012,Iraq,4.817
2012,Serbia,4.813
2012,Bosnia and Herzegovina,4.813
2012,Bangladesh,4.804
2012,Lao PDR,4.787
2012,Hungary,4.775
2012,India,4.772
2012,Mauritania,4.758
2012,State of Palestine,4.7
2012,Djibouti,4.69
2012,Iran,4.643
2012,Azerbaijan,4.604
2012,DR Congo,4.578
2012,North Macedonia,4.574
2012,Ethiopia,4.561
2012,Uganda,4.443
2012,Myanmar,4.439
2012,Cameroon,4.42
2012,Kenya,4.403
2012,Sudan,4.401
2012,Tajikistan,4.38
2012,Haiti,4.341
2012,Sierra Leone,4.318
2012,Armenia,4.316
2012,Congo,4.297
2012,Egypt,4.273
2012,Burkina Faso,4.259
2012,Mali,4.247
2012,Liberia,4.196
2012,Georgia,4.187
2012,Nepal,4.156
2012,Niger,4.152
2012,Sri Lanka,4.151
2012,Gabon,4.114
2012,Malawi,4.113
2012,Cambodia,4.067
2012,Chad,4.056
2012,Yemen,4.054
2012,Afghanistan,4.04
2012,Bulgaria,3.981
2012,Botswana,3.97
2012,Madagascar,3.966
2012,Senegal,3.959
2012,Syria,3.892
2012,Comoros,3.851
2012,Guinea,3.847
2012,Tanzania,3.77
2012,Rwanda,3.715
2012,Burundi,3.706
2012,Central African Republic,3.623
2012,Benin,3.528
2012,Togo,2.936
2011,Denmark,7.856
2011,Finland,7.579
2011,Norway,7.524
2011,Netherlands,7.512
2011,Canada,7.499
2011,Switzerland,7.499
2011,Sweden,7.379
2011,New Zealand,7.372
2011,Australia,7.345
2011,Ireland,7.284
2011,United States,7.27
2011,Costa Rica,7.251
2011,Austria,7.227
2011,Israel,7.199
2011,Belgium,7.113
2011,Luxembourg,7.051
2011,United Arab Emirates,6.977
2011,United Kingdom,6.936
2011,Venezuela,6.922
2011,Iceland,6.888
2011,Panama,6.863
2011,Spain,6.761
2011,France,6.746
2011,Mexico,6.74
2011,Brazil,6.697
2011,Saudi Arabia,6.597
2011,Puerto Rico,6.593
2011,Italy,6.578
2011,Kuwait,6.574
2011,Germany,6.572
2011,Qatar,6.569
2011,Turkmenistan,6.568
2011,Singapore,6.549
2011,Belize,6.451
2011,Cyprus,6.416
2011,Czechia,6.36
2011,Guatemala,6.277
2011,Trinidad and Tobago,6.263
2011,Argentina,6.242
2011,Jamaica,6.208
2011,Colombia,6.202
2011,Greece,6.133
2011,Chile,6.128
2011,Japan,6.059
2011,Guyana,5.993
2011,Taiwan Province of China,5.988
2011,Malta,5.96
2011,El Salvador,5.956
2011,Slovenia,5.922
2011,Uruguay,5.898
2011,Malaysia,5.823
2011,Thailand,5.804
2011,Poland,5.803
2011,Jordan,5.706
2011,Slovakia,5.657
2011,Republic of Korea,5.643
2011,Bolivia,5.633
2011,Croatia,5.623
2011,Kazakhstan,5.594
2011,Lithuania,5.588
2011,Bahrain,5.568
2011,Belarus,5.566
2011,Honduras,5.564
2011,Mauritius,5.477
2011,Viet Nam,5.425
2011,Ecuador,5.425
2011,Hong Kong SAR of China,5.424
2011,Kosovo,5.42
2011,Cuba,5.418
2011,Paraguay,5.398
2011,Algeria,5.368
2011,Estonia,5.33
2011,Portugal,5.327
2011,Myanmar,5.322
2011,Republic of Moldova,5.305
2011,Russian Federation,5.284
2011,Peru,5.258
2011,Türkiye,5.234
2011,Uzbekistan,5.225
2011,Romania,5.178
2011,Libya,5.178
2011,Lao PDR,5.161
2011,Indonesia,5.159
2011,Iran,5.149
2011,Pakistan,5.149
2011,Montenegro,5.147
2011,Tunisia,5.141
2011,Albania,5.134
2011,Nicaragua,5.115
2011,South Africa,5.101
2011,Ukraine,5.089
2011,Lebanon,5.049
2011,Dominican Republic,5.036
2011,India,4.975
2011,Djibouti,4.957
2011,Hungary,4.943
2011,Namibia,4.886
2011,Iraq,4.882
2011,Bosnia and Herzegovina,4.857
2011,Nigeria,4.856
2011,Egypt,4.853
2011,Kyrgyzstan,4.828
2011,Philippines,4.825
2011,Bangladesh,4.807
2011,Morocco,4.793
2011,Latvia,4.762
2011,Syria,4.735
2011,Ghana,4.705
2011,Zambia,4.705
2011,Mozambique,4.693
2011,Somaliland Region,4.691
2011,China,4.68
2011,Mauritania,4.643
2011,Malawi,4.624
2011,Tajikistan,4.614
2011,Azerbaijan,4.582
2011,Botswana,4.581
2011,Serbia,4.564
2011,Mongolia,4.562
2011,State of Palestine,4.555
2011,Nepal,4.474
2011,Armenia,4.474
2011,Yemen,4.454
2011,Sudan,4.424
2011,Senegal,4.414
2011,Cameroon,4.376
2011,North Macedonia,4.369
2011,Uganda,4.313
2011,Madagascar,4.309
2011,Sri Lanka,4.26
2011,Afghanistan,4.258
2011,Rwanda,4.204
2011,Côte d’Ivoire,4.197
2011,Kenya,4.18
2011,Angola,4.178
2011,Guinea,4.171
2011,Niger,4.122
2011,Cambodia,4.101
2011,Ethiopia,4.064
2011,Liberia,4.04
2011,DR Congo,3.984
2011,Zimbabwe,3.978
2011,Mali,3.967
2011,Burkina Faso,3.926
2011,Chad,3.919
2011,Georgia,3.892
2011,Bulgaria,3.889
2011,Congo,3.82
2011,Tanzania,3.8
2011,Haiti,3.789
2011,Comoros,3.7
2011,Burundi,3.678
2011,Sierra Leone,3.586
2011,Central African Republic,3.568
2011,Benin,3.493
2011,Togo,3.007
